Date,open,high,low,close,adj close,volume
2022-01-03,19.200000762939453,19.25,19.059999465942383,19.100000381469727,15.716772079467773,19797676
2022-01-04,19.100000381469727,19.190000534057617,19.100000381469727,19.18000030517578,15.782602310180664,12603157
2022-01-05,19.18000030517578,19.219999313354492,19.110000610351562,19.170000076293945,15.774373054504395,10878748
2022-01-06,19.139999389648438,19.200000762939453,19.100000381469727,19.149999618530273,15.757915496826172,15501338
2022-01-07,19.200000762939453,19.270000457763672,19.06999969482422,19.110000610351562,15.725000381469727,14911358
2022-01-10,19.15999984741211,19.18000030517578,19.059999465942383,19.170000076293945,15.774373054504395,11794183
2022-01-11,19.170000076293945,19.299999237060547,19.1299991607666,19.25,15.840203285217285,11769117
2022-01-12,19.290000915527344,19.350000381469727,19.290000915527344,19.350000381469727,15.922491073608398,12145316
2022-01-13,19.3700008392334,19.489999771118164,19.3700008392334,19.479999542236328,16.029462814331055,12795107
2022-01-14,19.469999313354492,19.469999313354492,19.270000457763672,19.399999618530273,15.96363353729248,19481162
2022-01-17,19.399999618530273,19.40999984741211,19.34000015258789,19.3700008392334,15.938948631286621,13847886
2022-01-18,19.399999618530273,19.510000228881836,19.399999618530273,19.440000534057617,15.996548652648926,11678136
2022-01-19,19.399999618530273,19.459999084472656,19.34000015258789,19.40999984741211,15.971861839294434,15460325
2022-01-20,19.40999984741211,19.440000534057617,19.350000381469727,19.40999984741211,15.971861839294434,7860507
2022-01-21,19.360000610351562,19.360000610351562,19.139999389648438,19.170000076293945,15.774373054504395,35520858
2022-01-24,19.110000610351562,19.15999984741211,18.959999084472656,19.15999984741211,15.766144752502441,22861144
2022-01-25,19.010000228881836,19.020000457763672,18.90999984741211,18.959999084472656,15.601573944091797,35025167
2022-01-26,18.899999618530273,19.059999465942383,18.899999618530273,19.010000228881836,15.642716407775879,14611246
2022-02-07,19.18000030517578,19.309999465942383,19.049999237060547,19.290000915527344,15.873120307922363,23895689
2022-02-08,19.399999618530273,19.5,19.350000381469727,19.479999542236328,16.029462814331055,27154077
2022-02-09,19.520000457763672,19.600000381469727,19.489999771118164,19.600000381469727,16.128206253051758,29470185
2022-02-10,19.649999618530273,19.65999984741211,19.530000686645508,19.649999618530273,16.169347763061523,27442682
2022-02-11,19.559999465942383,19.6200008392334,19.520000457763672,19.6200008392334,16.14466667175293,30087288
2022-02-14,19.530000686645508,19.559999465942383,19.350000381469727,19.479999542236328,16.029462814331055,67982144
2022-02-15,19.5,19.59000015258789,19.40999984741211,19.440000534057617,15.996548652648926,60957697
2022-02-16,19.579999923706055,19.59000015258789,19.489999771118164,19.520000457763672,16.0623779296875,36156440
2022-02-17,19.579999923706055,19.68000030517578,19.559999465942383,19.6200008392334,16.14466667175293,36771503
2022-02-18,19.559999465942383,19.719999313354492,19.510000228881836,19.700000762939453,16.21049690246582,68265085
2022-02-21,19.700000762939453,19.780000686645508,19.610000610351562,19.75,16.25164031982422,102574030
2022-02-22,19.420000076293945,19.459999084472656,19.360000610351562,19.360000610351562,16.176435470581055,121137148
2022-02-23,19.34000015258789,19.3799991607666,19.290000915527344,19.34000015258789,16.159725189208984,60216589
2022-02-24,19.270000457763672,19.270000457763672,19.010000228881836,19.010000228881836,15.883992195129395,119577708
2022-02-25,19.09000015258789,19.18000030517578,18.940000534057617,19.020000457763672,15.892345428466797,79811078
2022-03-01,19.1200008392334,19.309999465942383,19.100000381469727,19.290000915527344,16.117950439453125,28496496
2022-03-02,19.270000457763672,19.309999465942383,19.200000762939453,19.290000915527344,16.117950439453125,21427283
2022-03-03,19.360000610351562,19.389999389648438,19.31999969482422,19.34000015258789,16.159725189208984,16022079
2022-03-04,19.219999313354492,19.270000457763672,19.1200008392334,19.190000534057617,16.034393310546875,38002524
2022-03-07,19.0,19.020000457763672,18.760000228881836,18.799999237060547,15.708524703979492,120949216
2022-03-08,18.559999465942383,18.690000534057617,18.459999084472656,18.489999771118164,15.449501991271973,106585827
2022-03-09,18.600000381469727,18.700000762939453,18.559999465942383,18.6299991607666,15.566475868225098,34300386
2022-03-10,18.8799991607666,18.989999771118164,18.850000381469727,18.959999084472656,15.842215538024902,28066556
2022-03-11,18.959999084472656,18.969999313354492,18.8700008392334,18.8799991607666,15.77536678314209,22585734
2022-03-14,18.920000076293945,19.010000228881836,18.8799991607666,19.0,15.875635147094727,18743081
2022-03-15,18.989999771118164,18.989999771118164,18.790000915527344,18.850000381469727,15.7503023147583,31784168
2022-03-16,18.989999771118164,19.0,18.84000015258789,18.989999771118164,15.867278099060059,21090425
2022-03-17,19.190000534057617,19.280000686645508,19.09000015258789,19.229999542236328,16.06781578063965,28987039
2022-03-18,19.239999771118164,19.260000228881836,19.18000030517578,19.229999542236328,16.06781578063965,17433803
2022-03-21,19.260000228881836,19.34000015258789,19.229999542236328,19.260000228881836,16.09288215637207,17782061
2022-03-22,19.280000686645508,19.290000915527344,19.229999542236328,19.290000915527344,16.117950439453125,16074940
2022-03-23,19.34000015258789,19.420000076293945,19.34000015258789,19.389999389648438,16.20150375366211,20506479
2022-03-24,19.360000610351562,19.389999389648438,19.280000686645508,19.3799991607666,16.193143844604492,12773863
2022-03-25,19.360000610351562,19.3799991607666,19.270000457763672,19.31999969482422,16.143014907836914,17193139
2022-03-28,19.229999542236328,19.309999465942383,19.110000610351562,19.309999465942383,16.13465690612793,31484737
2022-03-29,19.31999969482422,19.329999923706055,19.25,19.260000228881836,16.09288215637207,14625997
2022-03-30,19.34000015258789,19.399999618530273,19.329999923706055,19.3700008392334,16.18479347229004,14917357
2022-03-31,19.3799991607666,19.420000076293945,19.350000381469727,19.350000381469727,16.168081283569336,17903765
2022-04-01,19.270000457763672,19.34000015258789,19.200000762939453,19.34000015258789,16.159725189208984,19277326
2022-04-06,19.299999237060547,19.40999984741211,19.239999771118164,19.399999618530273,16.20985984802246,26651310
2022-04-07,19.350000381469727,19.420000076293945,19.229999542236328,19.229999542236328,16.06781578063965,37975624
2022-04-08,19.299999237060547,19.329999923706055,19.200000762939453,19.31999969482422,16.143014907836914,15398490
2022-04-11,19.34000015258789,19.389999389648438,19.1200008392334,19.200000762939453,16.042747497558594,39853797
2022-04-12,19.18000030517578,19.18000030517578,19.100000381469727,19.110000610351562,15.967545509338379,35512890
2022-04-13,19.18000030517578,19.290000915527344,19.170000076293945,19.270000457763672,16.10123634338379,16246876
2022-04-14,19.290000915527344,19.290000915527344,19.1200008392334,19.1200008392334,15.975903511047363,28659686
2022-04-15,19.079999923706055,19.110000610351562,19.0,19.030000686645508,15.900703430175781,37459180
2022-04-18,19.0,19.0,18.850000381469727,18.920000076293945,15.808788299560547,65278081
2022-04-19,18.950000762939453,19.06999969482422,18.950000762939453,18.950000762939453,15.833856582641602,21405978
2022-04-20,18.969999313354492,19.0,18.8700008392334,18.969999313354492,15.850566864013672,27040195
2022-04-21,19.030000686645508,19.049999237060547,18.950000762939453,18.969999313354492,15.850566864013672,19580779
2022-04-22,18.850000381469727,19.010000228881836,18.799999237060547,19.0,15.875635147094727,34438355
2022-04-25,18.760000228881836,18.790000915527344,18.65999984741211,18.75,15.666744232177734,75847431
2022-04-26,18.790000915527344,18.8700008392334,18.770000457763672,18.799999237060547,15.708524703979492,24197770
2022-04-27,18.649999618530273,18.68000030517578,18.549999237060547,18.600000381469727,15.541412353515625,65597679
2022-04-28,18.600000381469727,18.690000534057617,18.530000686645508,18.670000076293945,15.599902153015137,28195492
2022-04-29,18.790000915527344,18.850000381469727,18.719999313354492,18.81999969482422,15.72523307800293,31218943
2022-05-03,18.81999969482422,18.81999969482422,18.690000534057617,18.75,15.666744232177734,26903683
2022-05-04,18.809999465942383,18.84000015258789,18.760000228881836,18.829999923706055,15.733590126037598,42174779
2022-05-05,19.0,19.020000457763672,18.84000015258789,18.8700008392334,15.767017364501953,37722102
2022-05-06,18.610000610351562,18.700000762939453,18.559999465942383,18.670000076293945,15.599902153015137,92711602
2022-05-09,18.600000381469727,18.600000381469727,18.34000015258789,18.34000015258789,15.324165344238281,120325465
2022-05-10,18.229999542236328,18.3700008392334,18.110000610351562,18.34000015258789,15.324165344238281,58294720
2022-05-11,18.290000915527344,18.299999237060547,18.15999984741211,18.18000030517578,15.190474510192871,52143923
2022-05-12,18.139999389648438,18.139999389648438,17.829999923706055,17.829999923706055,14.898031234741211,112661225
2022-05-13,17.899999618530273,17.979999542236328,17.84000015258789,17.899999618530273,14.956521034240723,44741866
2022-05-16,18.06999969482422,18.079999923706055,17.770000457763672,17.899999618530273,14.956521034240723,86504974
2022-05-17,17.93000030517578,17.959999084472656,17.889999389648438,17.889999389648438,14.948162078857422,81163855
2022-05-18,17.600000381469727,17.770000457763672,17.579999923706055,17.739999771118164,15.092796325683594,68423689
2022-05-19,17.559999465942383,17.56999969482422,17.469999313354492,17.530000686645508,14.91413402557373,53045660
2022-05-20,17.610000610351562,17.649999618530273,17.549999237060547,17.59000015258789,14.965176582336426,19216430
2022-05-23,17.649999618530273,17.649999618530273,17.420000076293945,17.5,14.88861083984375,39388290
2022-05-24,17.5,17.530000686645508,17.3799991607666,17.3799991607666,14.786515235900879,49293366
2022-05-25,17.3799991607666,17.5,17.34000015258789,17.479999542236328,14.871593475341797,20123716
2022-05-26,17.540000915527344,17.579999923706055,17.40999984741211,17.420000076293945,14.82054615020752,30551776
2022-05-27,17.520000457763672,17.6299991607666,17.510000228881836,17.600000381469727,14.973688125610352,20234967
2022-05-30,17.760000228881836,17.860000610351562,17.75,17.860000610351562,15.194890022277832,27880136
2022-05-31,17.799999237060547,17.8700008392334,17.68000030517578,17.8700008392334,15.203398704528809,32461778
2022-06-01,17.860000610351562,18.0,17.829999923706055,17.899999618530273,15.228920936584473,34752556
2022-06-02,17.81999969482422,17.8799991607666,17.760000228881836,17.81999969482422,15.160858154296875,24668840
2022-06-06,17.81999969482422,17.850000381469727,17.700000762939453,17.799999237060547,15.143842697143555,31476767
2022-06-07,17.760000228881836,17.780000686645508,17.68000030517578,17.709999084472656,15.067273139953613,26657080
2022-06-08,17.799999237060547,17.850000381469727,17.790000915527344,17.799999237060547,15.143842697143555,13825818
2022-06-09,17.770000457763672,17.770000457763672,17.690000534057617,17.700000762939453,15.05876636505127,26652292
2022-06-10,17.579999923706055,17.65999984741211,17.520000457763672,17.610000610351562,14.982196807861328,31842673
2022-06-13,17.3700008392334,17.399999618530273,17.260000228881836,17.34000015258789,14.752486228942871,83588538
2022-06-14,17.299999237060547,17.399999618530273,17.229999542236328,17.350000381469727,14.760992050170898,43087128
2022-06-15,17.350000381469727,17.399999618530273,17.309999465942383,17.31999969482422,14.735468864440918,19682412
2022-06-16,17.5,17.549999237060547,17.229999542236328,17.25,14.675917625427246,34420055
2022-06-17,17.100000381469727,17.139999389648438,17.0,17.079999923706055,14.53128433227539,89489119
2022-06-20,17.049999237060547,17.1200008392334,16.81999969482422,16.81999969482422,14.310081481933594,82648716
2022-06-21,16.969999313354492,17.200000762939453,16.90999984741211,17.18000030517578,14.616362571716309,29295462
2022-06-22,17.18000030517578,17.190000534057617,16.920000076293945,16.950000762939453,14.42068099975586,42015139
2022-06-23,17.030000686645508,17.1299991607666,16.899999618530273,16.959999084472656,14.42918872833252,38563285
2022-06-24,17.09000015258789,17.190000534057617,17.010000228881836,17.059999465942383,14.514266014099121,24123609
2022-06-27,17.219999313354492,17.280000686645508,17.190000534057617,17.209999084472656,14.64188289642334,27489542
2022-06-28,17.229999542236328,17.229999542236328,17.06999969482422,17.110000610351562,14.556808471679688,22583337
2022-06-29,17.0,17.049999237060547,16.969999313354492,17.020000457763672,14.48023796081543,28823326
2022-06-30,16.989999771118164,16.989999771118164,16.65999984741211,16.65999984741211,14.173958778381348,101331410
2022-07-01,16.670000076293945,16.68000030517578,16.389999389648438,16.389999389648438,13.944246292114258,87583816
2022-07-04,16.450000762939453,16.600000381469727,16.290000915527344,16.350000381469727,13.910215377807617,50841860
2022-07-05,16.56999969482422,16.6299991607666,16.260000228881836,16.399999618530273,13.952754974365234,42103651
2022-07-06,16.420000076293945,16.420000076293945,16.059999465942383,16.059999465942383,13.663490295410156,67110076
2022-07-07,16.110000610351562,16.280000686645508,15.949999809265137,16.209999084472656,13.791104316711426,40566471
2022-07-08,16.31999969482422,16.389999389648438,16.190000534057617,16.260000228881836,13.833645820617676,40281267
2022-07-11,16.350000381469727,16.350000381469727,16.170000076293945,16.200000762939453,13.782598495483398,24802174
2022-07-12,16.1200008392334,16.1299991607666,15.899999618530273,15.970000267028809,13.586920738220215,71653856
2022-07-13,16.280000686645508,16.3799991607666,16.239999771118164,16.309999465942383,13.87618350982666,35779009
2022-07-14,16.25,16.3799991607666,16.209999084472656,16.34000015258789,13.901707649230957,49724010
2022-07-15,16.360000610351562,16.360000610351562,16.18000030517578,16.18000030517578,13.765583992004395,48751366
2022-07-18,16.299999237060547,16.34000015258789,16.149999618530273,16.309999465942383,13.87618350982666,30249730
2022-07-19,16.309999465942383,16.350000381469727,16.219999313354492,16.309999465942383,13.87618350982666,20798396
2022-07-20,16.5,16.549999237060547,16.40999984741211,16.420000076293945,13.969769477844238,39807564
2022-07-21,16.459999084472656,16.579999923706055,16.3700008392334,16.559999465942383,14.088878631591797,23126806
2022-07-22,16.600000381469727,16.600000381469727,16.479999542236328,16.579999923706055,14.1058931350708,27013218
2022-07-25,16.579999923706055,16.729999542236328,16.510000228881836,16.700000762939453,14.207987785339355,24020034
2022-07-26,16.690000534057617,16.719999313354492,16.6200008392334,16.639999389648438,14.156941413879395,30350712
2022-07-27,16.649999618530273,16.75,16.6299991607666,16.739999771118164,14.242019653320312,19454004
2022-07-28,16.8700008392334,16.8700008392334,16.790000915527344,16.809999465942383,14.301572799682617,36144922
2022-07-29,16.920000076293945,16.959999084472656,16.860000610351562,16.899999618530273,14.378142356872559,34411745
2022-08-01,16.899999618530273,16.959999084472656,16.850000381469727,16.940000534057617,14.412174224853516,33731427
2022-08-02,16.8799991607666,16.8799991607666,16.75,16.790000915527344,14.284558296203613,72508123
2022-08-03,16.799999237060547,16.81999969482422,16.709999084472656,16.75,14.250528335571289,50723082
2022-08-04,16.799999237060547,16.799999237060547,16.6299991607666,16.770000457763672,14.267542839050293,51629108
2022-08-05,16.860000610351562,17.0,16.860000610351562,16.969999313354492,14.437697410583496,34262082
2022-08-08,16.969999313354492,17.06999969482422,16.90999984741211,17.049999237060547,14.505758285522461,43336524
2022-08-09,17.049999237060547,17.190000534057617,17.010000228881836,17.149999618530273,14.590836524963379,40427414
2022-08-10,17.1200008392334,17.149999618530273,17.049999237060547,17.100000381469727,14.548299789428711,51404745
2022-08-11,17.280000686645508,17.329999923706055,17.25,17.290000915527344,14.709949493408203,42722520
2022-08-12,17.3700008392334,17.3700008392334,17.260000228881836,17.31999969482422,14.735468864440918,45400418
2022-08-15,17.43000030517578,17.43000030517578,17.309999465942383,17.329999923706055,14.743977546691895,101935258
2022-08-16,17.09000015258789,17.1299991607666,17.049999237060547,17.1200008392334,14.804511070251465,90761560
2022-08-17,17.1200008392334,17.139999389648438,17.09000015258789,17.110000610351562,14.795865058898926,45261146
2022-08-18,17.110000610351562,17.149999618530273,17.049999237060547,17.149999618530273,14.830451965332031,35557998
2022-08-19,17.170000076293945,17.209999084472656,17.1299991607666,17.170000076293945,14.847746849060059,35833521
2022-08-22,17.100000381469727,17.190000534057617,17.059999465942383,17.15999984741211,14.83910083770752,30229000
2022-08-23,17.139999389648438,17.139999389648438,17.030000686645508,17.030000686645508,14.72668170928955,87384322
2022-08-24,17.030000686645508,17.100000381469727,17.0,17.0,14.7007417678833,51995351
2022-08-25,17.09000015258789,17.149999618530273,17.020000457763672,17.06999969482422,14.761274337768555,25934358
2022-08-26,17.170000076293945,17.190000534057617,17.149999618530273,17.149999618530273,14.830451965332031,32000062
2022-08-29,16.899999618530273,17.020000457763672,16.84000015258789,16.90999984741211,14.622913360595703,134489947
2022-08-30,16.940000534057617,17.059999465942383,16.899999618530273,16.979999542236328,14.683446884155273,49383216
2022-08-31,16.959999084472656,17.049999237060547,16.920000076293945,17.030000686645508,14.72668170928955,40859232
2022-09-01,16.920000076293945,16.93000030517578,16.809999465942383,16.850000381469727,14.571028709411621,135762606
2022-09-02,16.889999389648438,16.889999389648438,16.799999237060547,16.799999237060547,14.527791023254395,75999626
2022-09-05,16.799999237060547,16.889999389648438,16.799999237060547,16.84000015258789,14.56238079071045,34629814
2022-09-06,16.889999389648438,16.950000762939453,16.809999465942383,16.84000015258789,14.56238079071045,35614729
2022-09-07,16.799999237060547,16.799999237060547,16.65999984741211,16.690000534057617,14.43266773223877,89917056
2022-09-08,16.760000228881836,16.950000762939453,16.739999771118164,16.940000534057617,14.648855209350586,31402097
2022-09-12,17.1200008392334,17.139999389648438,17.010000228881836,17.100000381469727,14.787216186523438,32874397
2022-09-13,17.149999618530273,17.200000762939453,17.149999618530273,17.18000030517578,14.856395721435547,25325244
2022-09-14,16.8799991607666,17.020000457763672,16.8700008392334,16.959999084472656,14.66614818572998,54892966
2022-09-15,16.979999542236328,17.100000381469727,16.940000534057617,17.059999465942383,14.752623558044434,23237680
2022-09-16,16.979999542236328,16.989999771118164,16.889999389648438,16.899999618530273,14.614264488220215,67803698
2022-09-19,16.940000534057617,16.950000762939453,16.850000381469727,16.8799991607666,14.596969604492188,39396819
2022-09-20,16.920000076293945,16.950000762939453,16.8799991607666,16.920000076293945,14.631559371948242,18064664
2022-09-21,16.90999984741211,16.90999984741211,16.780000686645508,16.799999237060547,14.527791023254395,72327183
2022-09-22,16.670000076293945,16.68000030517578,16.510000228881836,16.6200008392334,14.372135162353516,105136078
2022-09-23,16.6299991607666,16.65999984741211,16.520000457763672,16.559999465942383,14.320249557495117,67209755
2022-09-26,16.40999984741211,16.440000534057617,16.290000915527344,16.290000915527344,14.086769104003906,144916268
2022-09-27,16.350000381469727,16.40999984741211,16.219999313354492,16.270000457763672,14.069475173950195,58086343
2022-09-28,16.329999923706055,16.350000381469727,16.010000228881836,16.049999237060547,13.879228591918945,105812500
2022-09-29,16.209999084472656,16.25,16.020000457763672,16.110000610351562,13.931114196777344,77136439
2022-09-30,16.0,16.06999969482422,15.970000267028809,16.040000915527344,13.87058162689209,79316841
2022-10-03,15.90999984741211,15.970000267028809,15.859999656677246,15.869999885559082,13.723573684692383,92644260
2022-10-04,16.030000686645508,16.1299991607666,16.0,16.079999923706055,13.905171394348145,42445878
2022-10-05,16.190000534057617,16.260000228881836,16.149999618530273,16.209999084472656,14.017585754394531,42937214
2022-10-06,16.25,16.280000686645508,16.170000076293945,16.18000030517578,13.991646766662598,41369447
2022-10-07,16.149999618530273,16.149999618530273,16.06999969482422,16.06999969482422,13.896523475646973,34710887
2022-10-11,15.869999885559082,15.869999885559082,15.770000457763672,15.779999732971191,13.645746231079102,138448257
2022-10-12,15.789999961853027,15.90999984741211,15.720000267028809,15.859999656677246,13.714925765991211,48461771
2022-10-13,15.850000381469727,15.859999656677246,15.619999885559082,15.630000114440918,13.516033172607422,98427170
2022-10-14,15.890000343322754,15.890000343322754,15.699999809265137,15.699999809265137,13.576566696166992,42251534
2022-10-17,15.609999656677246,15.630000114440918,15.470000267028809,15.579999923706055,13.472795486450195,85433265
2022-10-18,15.800000190734863,15.800000190734863,15.539999961853027,15.609999656677246,13.498738288879395,45209137
2022-10-19,15.619999885559082,15.739999771118164,15.600000381469727,15.600000381469727,13.490090370178223,35119333
2022-10-20,15.449999809265137,15.539999961853027,15.329999923706055,15.510000228881836,13.412263870239258,62553200
2022-10-21,15.510000228881836,15.600000381469727,15.470000267028809,15.5,13.403615951538086,32158672
2022-10-24,15.699999809265137,15.720000267028809,15.470000267028809,15.489999771118164,13.39496898651123,36294290
2022-10-25,15.529999732971191,15.579999923706055,15.359999656677246,15.4399995803833,13.351730346679688,46814742
2022-10-26,15.5,15.619999885559082,15.420000076293945,15.579999923706055,13.472795486450195,28734002
2022-10-27,15.649999618530273,15.720000267028809,15.630000114440918,15.640000343322754,13.524681091308594,21556901
2022-10-28,15.640000343322754,15.680000305175781,15.550000190734863,15.600000381469727,13.490090370178223,28528469
2022-10-31,15.680000305175781,15.739999771118164,15.630000114440918,15.699999809265137,13.576566696166992,26278043
2022-11-01,15.739999771118164,15.819999694824219,15.6899995803833,15.789999961853027,13.65439510345459,26536013
2022-11-02,15.850000381469727,15.859999656677246,15.779999732971191,15.819999694824219,13.680336952209473,58621904
2022-11-03,15.6899995803833,15.800000190734863,15.649999618530273,15.779999732971191,13.645746231079102,48323372
2022-11-04,15.75,15.84000015258789,15.680000305175781,15.84000015258789,13.697629928588867,38970842
2022-11-07,15.960000038146973,16.059999465942383,15.90999984741211,16.049999237060547,13.879228591918945,40519846
2022-11-08,16.170000076293945,16.18000030517578,16.100000381469727,16.149999618530273,13.965703964233398,43048782
2022-11-09,16.239999771118164,16.290000915527344,16.170000076293945,16.260000228881836,14.060827255249023,36930156
2022-11-10,16.239999771118164,16.25,16.149999618530273,16.170000076293945,13.982998847961426,39978125
2022-11-11,16.510000228881836,16.520000457763672,16.309999465942383,16.479999542236328,14.251070976257324,58728722
2022-11-14,16.579999923706055,16.760000228881836,16.559999465942383,16.739999771118164,14.475905418395996,71046069
2022-11-15,16.739999771118164,16.780000686645508,16.600000381469727,16.770000457763672,14.501848220825195,80317400
2022-11-16,16.549999237060547,16.559999465942383,16.40999984741211,16.420000076293945,14.440286636352539,84253265
2022-11-17,16.420000076293945,16.43000030517578,16.270000457763672,16.3700008392334,14.396316528320312,43890571
2022-11-18,16.3700008392334,16.43000030517578,16.239999771118164,16.25,14.29078483581543,54708786
2022-11-21,16.25,16.25,16.1200008392334,16.149999618530273,14.202840805053711,42702198
2022-11-22,16.1299991607666,16.1299991607666,16.040000915527344,16.100000381469727,14.158868789672852,38615842
2022-11-23,16.200000762939453,16.299999237060547,16.170000076293945,16.280000686645508,14.317166328430176,26244073
2022-11-24,16.350000381469727,16.3799991607666,16.299999237060547,16.350000381469727,14.378727912902832,32340294
2022-11-25,16.3700008392334,16.43000030517578,16.3700008392334,16.399999618530273,14.422698020935059,33971428
2022-11-28,16.260000228881836,16.389999389648438,16.219999313354492,16.34000015258789,14.369933128356934,46456393
2022-11-29,16.329999923706055,16.479999542236328,16.280000686645508,16.459999084472656,14.4754638671875,23948332
2022-11-30,16.469999313354492,16.649999618530273,16.450000762939453,16.649999618530273,14.642557144165039,35719943
2022-12-01,16.780000686645508,16.790000915527344,16.649999618530273,16.68000030517578,14.668939590454102,51299476
2022-12-02,16.649999618530273,16.649999618530273,16.59000015258789,16.610000610351562,14.607380867004395,32494659
2022-12-05,16.6200008392334,16.739999771118164,16.610000610351562,16.670000076293945,14.660144805908203,36846105
2022-12-06,16.6299991607666,16.639999389648438,16.450000762939453,16.450000762939453,14.46667194366455,73904125
2022-12-07,16.40999984741211,16.510000228881836,16.3700008392334,16.399999618530273,14.422698020935059,37960615
2022-12-08,16.399999618530273,16.40999984741211,16.229999542236328,16.31999969482422,14.352344512939453,51537977
2022-12-09,16.389999389648438,16.440000534057617,16.329999923706055,16.40999984741211,14.431492805480957,22880503
2022-12-12,16.360000610351562,16.420000076293945,16.229999542236328,16.420000076293945,14.440286636352539,43248671
2022-12-13,16.440000534057617,16.479999542236328,16.290000915527344,16.290000915527344,14.32596206665039,54214234
2022-12-14,16.350000381469727,16.469999313354492,16.350000381469727,16.459999084472656,14.4754638671875,21078843
2022-12-15,16.43000030517578,16.459999084472656,16.3700008392334,16.440000534057617,14.45787525177002,20180278
2022-12-16,16.229999542236328,16.329999923706055,16.200000762939453,16.309999465942383,14.343548774719238,93829278
2022-12-19,16.280000686645508,16.290000915527344,16.190000534057617,16.25,14.29078483581543,46567408
2022-12-20,16.260000228881836,16.260000228881836,16.06999969482422,16.100000381469727,14.158868789672852,117804563
2022-12-21,16.100000381469727,16.1299991607666,16.040000915527344,16.06999969482422,14.132486343383789,67938152
2022-12-22,16.149999618530273,16.270000457763672,16.139999389648438,16.270000457763672,14.308374404907227,24209319
2022-12-23,16.170000076293945,16.229999542236328,16.100000381469727,16.190000534057617,14.238017082214355,31964597
2022-12-26,16.219999313354492,16.25,16.200000762939453,16.229999542236328,14.273194313049316,18713189
2022-12-27,16.260000228881836,16.31999969482422,16.25,16.270000457763672,14.308374404907227,18488353
2022-12-28,16.25,16.25,16.139999389648438,16.170000076293945,14.220429420471191,47551797
2022-12-29,16.100000381469727,16.15999984741211,16.020000457763672,16.09000015258789,14.15007495880127,55771931
2022-12-30,16.18000030517578,16.219999313354492,16.15999984741211,16.170000076293945,14.220429420471191,20694269
2023-01-03,16.149999618530273,16.239999771118164,16.040000915527344,16.18000030517578,14.22922420501709,45454931
2023-01-04,16.18000030517578,16.260000228881836,16.170000076293945,16.229999542236328,14.273194313049316,20865801
2023-01-05,16.280000686645508,16.360000610351562,16.280000686645508,16.31999969482422,14.352344512939453,23139034
2023-01-06,16.31999969482422,16.43000030517578,16.31999969482422,16.40999984741211,14.431492805480957,28899770
2023-01-09,16.559999465942383,16.65999984741211,16.510000228881836,16.65999984741211,14.651351928710938,67723997
2023-01-10,16.65999984741211,16.690000534057617,16.600000381469727,16.68000030517578,14.668939590454102,39145495
2023-01-11,16.700000762939453,16.719999313354492,16.6200008392334,16.670000076293945,14.660144805908203,22460724
2023-01-12,16.690000534057617,16.690000534057617,16.56999969482422,16.59000015258789,14.589790344238281,33644551
2023-01-13,16.65999984741211,16.709999084472656,16.610000610351562,16.6200008392334,14.61617374420166,32502050
2023-01-16,16.639999389648438,16.739999771118164,16.6299991607666,16.700000762939453,14.686529159545898,44766925
2023-01-17,16.739999771118164,16.739999771118164,16.68000030517578,16.719999313354492,14.704115867614746,31397759
2023-01-30,16.93000030517578,17.059999465942383,16.899999618530273,17.010000228881836,14.959153175354004,88042031
2023-01-31,17.010000228881836,17.030000686645508,16.8799991607666,16.8799991607666,14.844825744628906,70532322
2023-02-01,16.950000762939453,17.0,16.889999389648438,17.0,14.950359344482422,45108058
2023-02-02,17.1299991607666,17.1299991607666,17.0,17.1200008392334,15.055891036987305,91868014
2023-02-03,17.1299991607666,17.1299991607666,17.030000686645508,17.100000381469727,15.038302421569824,79318893
2023-02-06,17.09000015258789,17.110000610351562,17.030000686645508,17.049999237060547,14.994329452514648,127077569
2023-02-07,17.059999465942383,17.100000381469727,17.040000915527344,17.059999465942383,15.003122329711914,71888793
2023-02-08,17.1200008392334,17.15999984741211,17.100000381469727,17.149999618530273,15.08227252960205,57532007
2023-02-09,17.100000381469727,17.1299991607666,17.09000015258789,17.110000610351562,15.047098159790039,72874340
2023-02-10,17.110000610351562,17.110000610351562,17.020000457763672,17.059999465942383,15.003122329711914,121567989
2023-02-13,17.079999923706055,17.15999984741211,17.0,17.1200008392334,15.055891036987305,117940152
2023-02-14,17.15999984741211,17.260000228881836,17.15999984741211,17.239999771118164,15.161420822143555,98809984
2023-02-15,17.239999771118164,17.239999771118164,17.149999618530273,17.15999984741211,15.091068267822266,197218475
2023-02-16,16.969999313354492,17.100000381469727,16.959999084472656,17.030000686645508,15.216156005859375,143022554
2023-02-17,17.0,17.049999237060547,16.989999771118164,17.040000915527344,15.225090980529785,91324708
2023-02-20,17.06999969482422,17.149999618530273,17.040000915527344,17.1299991607666,15.305502891540527,53036365
2023-02-21,17.1299991607666,17.139999389648438,17.100000381469727,17.1200008392334,15.296571731567383,38658369
2023-02-22,17.010000228881836,17.09000015258789,16.969999313354492,17.059999465942383,15.242959022521973,119745595
2023-02-23,17.06999969482422,17.200000762939453,17.06999969482422,17.170000076293945,15.3412446975708,59300530
2023-02-24,17.18000030517578,17.209999084472656,17.100000381469727,17.100000381469727,15.278700828552246,57958267
2023-03-01,17.06999969482422,17.06999969482422,17.0,17.030000686645508,15.216156005859375,108967222
2023-03-02,17.049999237060547,17.100000381469727,16.940000534057617,17.079999923706055,15.260830879211426,127050826
2023-03-03,17.100000381469727,17.149999618530273,17.100000381469727,17.1299991607666,15.305502891540527,36519568
2023-03-06,17.209999084472656,17.280000686645508,17.170000076293945,17.229999542236328,15.394854545593262,81382414
2023-03-07,17.25,17.34000015258789,17.239999771118164,17.309999465942383,15.46633243560791,49022373
2023-03-08,17.280000686645508,17.309999465942383,17.239999771118164,17.309999465942383,15.46633243560791,49768564
2023-03-09,17.329999923706055,17.329999923706055,17.209999084472656,17.209999084472656,15.376983642578125,73373617
2023-03-10,17.1299991607666,17.1299991607666,17.049999237060547,17.049999237060547,15.234025001525879,169314136
2023-03-13,17.0,17.06999969482422,16.8700008392334,16.979999542236328,15.171483993530273,200057859
2023-03-14,16.90999984741211,16.940000534057617,16.84000015258789,16.850000381469727,15.055327415466309,236328666
2023-03-15,16.90999984741211,16.950000762939453,16.850000381469727,16.850000381469727,15.055327415466309,95494684
2023-03-16,16.799999237060547,16.850000381469727,16.75,16.760000228881836,14.974912643432617,151365192
2023-03-17,16.829999923706055,16.940000534057617,16.829999923706055,16.920000076293945,15.117871284484863,56001751
2023-03-20,16.920000076293945,16.950000762939453,16.84000015258789,16.860000610351562,15.064263343811035,78858948
2023-03-21,16.899999618530273,16.989999771118164,16.899999618530273,16.93000030517578,15.126809120178223,34496728
2023-03-22,16.989999771118164,17.1200008392334,16.989999771118164,17.100000381469727,15.278700828552246,59899064
2023-03-23,17.100000381469727,17.219999313354492,17.06999969482422,17.170000076293945,15.3412446975708,87707104
2023-03-24,17.200000762939453,17.25,17.170000076293945,17.219999313354492,15.385917663574219,69747296
2023-03-27,17.219999313354492,17.25,17.190000534057617,17.219999313354492,15.385917663574219,54547920
2023-03-28,17.219999313354492,17.239999771118164,17.149999618530273,17.15999984741211,15.332310676574707,39244844
2023-03-29,17.15999984741211,17.239999771118164,17.15999984741211,17.200000762939453,15.368050575256348,29091402
2023-03-30,17.229999542236328,17.280000686645508,17.209999084472656,17.25,15.412725448608398,43812515
2023-03-31,17.270000457763672,17.399999618530273,17.270000457763672,17.34000015258789,15.493139266967773,72338143
2023-04-06,17.329999923706055,17.360000610351562,17.25,17.350000381469727,15.50207233428955,57688686
2023-04-07,17.360000610351562,17.399999618530273,17.34000015258789,17.360000610351562,15.51101016998291,32731726
2023-04-10,17.360000610351562,17.420000076293945,17.350000381469727,17.399999618530273,15.546748161315918,40159557
2023-04-11,17.399999618530273,17.530000686645508,17.399999618530273,17.5,15.636096954345703,55284073
2023-04-12,17.510000228881836,17.600000381469727,17.510000228881836,17.59000015258789,15.716508865356445,40231108
2023-04-13,17.600000381469727,17.610000610351562,17.530000686645508,17.56999969482422,15.698639869689941,44426469
2023-04-14,17.59000015258789,17.6200008392334,17.540000915527344,17.610000610351562,15.734381675720215,42057451
2023-04-17,17.610000610351562,17.6299991607666,17.579999923706055,17.6299991607666,15.752251625061035,39973152
2023-04-18,17.6299991607666,17.639999389648438,17.579999923706055,17.6200008392334,15.743316650390625,37436814
2023-04-19,17.6200008392334,17.709999084472656,17.600000381469727,17.610000610351562,15.734381675720215,38680646
2023-04-20,17.600000381469727,17.600000381469727,17.5,17.520000457763672,15.653968811035156,51630709
2023-04-21,17.520000457763672,17.600000381469727,17.459999084472656,17.469999313354492,15.609293937683105,44442512
2023-04-24,17.469999313354492,17.530000686645508,17.440000534057617,17.510000228881836,15.645031929016113,29129064
2023-04-25,17.520000457763672,17.549999237060547,17.309999465942383,17.329999923706055,15.48420238494873,92921082
2023-04-26,17.309999465942383,17.389999389648438,17.280000686645508,17.3799991607666,15.528878211975098,50293685
2023-04-27,17.3799991607666,17.5,17.34000015258789,17.450000762939453,15.591423988342285,29480194
2023-04-28,17.549999237060547,17.600000381469727,17.520000457763672,17.559999465942383,15.689706802368164,35166431
2023-05-02,17.579999923706055,17.700000762939453,17.579999923706055,17.68000030517578,15.796924591064453,46468130
2023-05-03,17.68000030517578,17.719999313354492,17.649999618530273,17.690000534057617,15.805861473083496,95780239
2023-05-04,17.690000534057617,17.739999771118164,17.649999618530273,17.729999542236328,15.84160041809082,67286692
2023-05-05,17.739999771118164,17.760000228881836,17.670000076293945,17.68000030517578,15.796924591064453,74117033
2023-05-08,17.729999542236328,17.790000915527344,17.729999542236328,17.75,15.859468460083008,67934850
2023-05-09,17.75,17.799999237060547,17.719999313354492,17.780000686645508,15.886274337768555,48507206
2023-05-10,17.799999237060547,17.809999465942383,17.700000762939453,17.75,15.859468460083008,77853061
2023-05-11,17.780000686645508,17.809999465942383,17.719999313354492,17.75,15.859468460083008,58290235
2023-05-12,17.75,17.809999465942383,17.700000762939453,17.790000915527344,15.895211219787598,64529496
2023-05-15,17.790000915527344,17.850000381469727,17.760000228881836,17.829999923706055,15.930950164794922,116143160
2023-05-16,17.860000610351562,17.969999313354492,17.860000610351562,17.969999313354492,16.056039810180664,97391945
2023-05-17,17.799999237060547,17.860000610351562,17.739999771118164,17.84000015258789,16.183032989501953,115070731
2023-05-18,17.8799991607666,17.950000762939453,17.8700008392334,17.940000534057617,16.27374839782715,79191406
2023-05-19,17.950000762939453,18.040000915527344,17.93000030517578,18.020000457763672,16.346315383911133,113726081
2023-05-22,18.020000457763672,18.06999969482422,18.010000228881836,18.020000457763672,16.346315383911133,57996656
2023-05-23,18.020000457763672,18.049999237060547,17.950000762939453,18.010000228881836,16.337247848510742,55849142
2023-05-24,17.979999542236328,17.979999542236328,17.90999984741211,17.979999542236328,16.31003189086914,61217298
2023-05-25,18.0,18.049999237060547,17.950000762939453,18.049999237060547,16.3735294342041,53639604
2023-05-26,18.059999465942383,18.229999542236328,18.059999465942383,18.170000076293945,16.482385635375977,67662452
2023-05-29,18.260000228881836,18.40999984741211,18.260000228881836,18.360000610351562,16.65473747253418,70895430
2023-05-30,18.3799991607666,18.440000534057617,18.260000228881836,18.34000015258789,16.636592864990234,60513537
2023-05-31,18.34000015258789,18.389999389648438,18.280000686645508,18.309999465942383,16.6093807220459,40310301
2023-06-01,18.309999465942383,18.309999465942383,18.219999313354492,18.25,16.554954528808594,42743088
2023-06-02,18.260000228881836,18.670000076293945,18.260000228881836,18.579999923706055,16.854305267333984,108303785
2023-06-05,18.649999618530273,18.68000030517578,18.549999237060547,18.6200008392334,16.890592575073242,54227951
2023-06-06,18.639999389648438,18.700000762939453,18.600000381469727,18.649999618530273,16.917800903320312,49778918
2023-06-07,18.65999984741211,18.790000915527344,18.65999984741211,18.780000686645508,17.035728454589844,42640846
2023-06-08,18.780000686645508,18.799999237060547,18.670000076293945,18.700000762939453,16.963157653808594,70797829
2023-06-09,18.729999542236328,18.989999771118164,18.729999542236328,18.969999313354492,17.208080291748047,72177155
2023-06-12,18.989999771118164,19.1299991607666,18.93000030517578,18.959999084472656,17.19900894165039,87580286
2023-06-13,18.989999771118164,19.229999542236328,18.989999771118164,19.149999618530273,17.371362686157227,104941439
2023-06-14,19.149999618530273,19.270000457763672,19.110000610351562,19.200000762939453,17.416717529296875,71160677
2023-06-15,19.25,19.420000076293945,19.25,19.40999984741211,17.607213973999023,91136910
2023-06-16,19.40999984741211,19.510000228881836,19.260000228881836,19.360000610351562,17.561859130859375,86784239
2023-06-19,19.350000381469727,19.350000381469727,19.18000030517578,19.280000686645508,17.489288330078125,77900940
2023-06-20,19.25,19.260000228881836,19.06999969482422,19.1299991607666,17.35321807861328,89398394
2023-06-21,19.100000381469727,19.389999389648438,19.09000015258789,19.350000381469727,17.552785873413086,66046519
2023-06-26,19.309999465942383,19.309999465942383,19.1299991607666,19.280000686645508,17.489288330078125,49531887
2023-06-27,19.209999084472656,19.219999313354492,19.010000228881836,19.030000686645508,17.262510299682617,84262516
2023-06-28,19.059999465942383,19.200000762939453,19.059999465942383,19.100000381469727,17.326005935668945,43027207
2023-06-29,19.15999984741211,19.309999465942383,19.1299991607666,19.200000762939453,17.416717529296875,42682943
2023-06-30,19.200000762939453,19.25,19.1200008392334,19.25,17.46207618713379,30520996
2023-07-03,19.299999237060547,19.59000015258789,19.299999237060547,19.520000457763672,17.706998825073242,69794653
2023-07-04,19.520000457763672,19.84000015258789,19.520000457763672,19.760000228881836,17.924705505371094,86035603
2023-07-05,19.770000457763672,19.799999237060547,19.600000381469727,19.690000534057617,17.861207962036133,49449758
2023-07-06,19.59000015258789,19.770000457763672,19.450000762939453,19.489999771118164,17.67978286743164,77690334
2023-07-07,19.399999618530273,19.43000030517578,19.200000762939453,19.309999465942383,17.51650047302246,79630178
2023-07-10,19.309999465942383,19.459999084472656,19.290000915527344,19.309999465942383,17.51650047302246,46582091
2023-07-11,19.450000762939453,19.809999465942383,19.450000762939453,19.799999237060547,17.96099090576172,91338341
2023-07-12,19.8700008392334,20.200000762939453,19.8700008392334,20.190000534057617,18.314767837524414,134951212
2023-07-13,20.399999618530273,20.90999984741211,20.399999618530273,20.530000686645508,18.62318992614746,180201406
2023-07-14,20.739999771118164,21.049999237060547,20.530000686645508,21.010000228881836,19.058609008789062,187562592
2023-07-17,20.989999771118164,21.290000915527344,20.969999313354492,21.280000686645508,19.303531646728516,136332624
2023-07-18,21.440000534057617,21.81999969482422,21.059999465942383,21.43000030517578,19.439598083496094,164182596
2023-07-19,21.610000610351562,21.719999313354492,20.84000015258789,20.959999084472656,19.01325035095215,179497964
2023-07-20,20.940000534057617,21.209999084472656,20.84000015258789,21.190000534057617,19.221891403198242,103555528
2023-07-21,20.899999618530273,21.68000030517578,20.899999618530273,21.610000610351562,19.602880477905273,167946275
2023-07-24,21.610000610351562,22.139999389648438,21.610000610351562,22.1299991607666,20.074581146240234,246373229
2023-07-25,22.309999465942383,22.5,22.15999984741211,22.200000762939453,20.13808250427246,175434342
2023-07-26,22.200000762939453,22.299999237060547,21.959999084472656,22.200000762939453,20.13808250427246,125438022
2023-07-27,22.34000015258789,22.450000762939453,22.1200008392334,22.18000030517578,20.11993980407715,99331336
2023-07-28,22.18000030517578,22.450000762939453,21.899999618530273,22.450000762939453,20.3648624420166,139656411
2023-07-31,22.670000076293945,22.889999389648438,21.799999237060547,21.860000610351562,19.829660415649414,250698550
2023-08-01,21.850000381469727,21.979999542236328,21.43000030517578,21.8700008392334,19.838733673095703,195828761
2023-08-02,21.8799991607666,21.93000030517578,21.15999984741211,21.170000076293945,19.203746795654297,295608394
2023-08-04,21.100000381469727,21.350000381469727,20.850000381469727,21.149999618530273,19.185604095458984,194560651
2023-08-07,21.209999084472656,21.760000228881836,21.18000030517578,21.760000228881836,19.738948822021484,108227140
2023-08-08,21.850000381469727,21.979999542236328,21.420000076293945,21.610000610351562,19.602880477905273,131956457
2023-08-09,21.5,21.719999313354492,21.389999389648438,21.5,19.503095626831055,80856690
2023-08-10,21.399999618530273,21.420000076293945,20.93000030517578,21.09000015258789,19.131175994873047,161506784
2023-08-11,21.170000076293945,21.399999618530273,21.1200008392334,21.219999313354492,19.249101638793945,63223470
2023-08-14,21.1299991607666,21.34000015258789,20.950000762939453,21.049999237060547,19.094890594482422,162384098
2023-08-15,21.34000015258789,21.520000457763672,21.31999969482422,21.43000030517578,19.439598083496094,126559502
2023-08-16,20.920000076293945,21.270000457763672,20.860000610351562,21.270000457763672,19.61481285095215,134441716
2023-08-17,21.18000030517578,21.40999984741211,21.030000686645508,21.31999969482422,19.66092300415039,77576479
2023-08-18,21.329999923706055,21.43000030517578,20.899999618530273,21.049999237060547,19.41193199157715,118084421
2023-08-21,21.15999984741211,21.299999237060547,21.0,21.059999465942383,19.421154022216797,48359346
2023-08-22,21.290000915527344,21.350000381469727,21.110000610351562,21.1200008392334,19.476486206054688,54435589
2023-08-23,21.149999618530273,21.290000915527344,21.020000457763672,21.280000686645508,19.62403678894043,47797786
2023-08-24,21.600000381469727,21.729999542236328,21.260000228881836,21.3799991607666,19.716251373291016,118936654
2023-08-25,21.200000762939453,21.200000762939453,20.950000762939453,20.979999542236328,19.347379684448242,155960607
2023-08-28,21.0,21.030000686645508,20.719999313354492,20.829999923706055,19.20905303955078,101326078
2023-08-29,20.920000076293945,21.0,20.780000686645508,20.950000762939453,19.31971549987793,45739375
2023-08-30,21.100000381469727,21.190000534057617,20.979999542236328,21.010000228881836,19.37504768371582,39763013
2023-08-31,20.989999771118164,21.0,20.809999465942383,20.969999313354492,19.33815574645996,49275555
2023-09-01,21.0,21.059999465942383,20.860000610351562,20.8799991607666,19.25516128540039,45690496
2023-09-04,20.8799991607666,20.969999313354492,20.799999237060547,20.940000534057617,19.310495376586914,48913019
2023-09-05,20.940000534057617,20.979999542236328,20.850000381469727,20.950000762939453,19.31971549987793,40629637
2023-09-06,20.950000762939453,21.100000381469727,20.950000762939453,21.040000915527344,19.402711868286133,53091876
2023-09-07,20.979999542236328,21.020000457763672,20.899999618530273,20.940000534057617,19.310495376586914,35452387
2023-09-08,20.899999618530273,20.989999771118164,20.860000610351562,20.93000030517578,19.301271438598633,32459260
2023-09-11,20.93000030517578,20.93000030517578,20.309999465942383,20.450000762939453,18.858627319335938,188108937
2023-09-12,20.450000762939453,20.5,20.31999969482422,20.40999984741211,18.821735382080078,75269724
2023-09-13,20.420000076293945,20.5,20.3799991607666,20.450000762939453,18.858627319335938,51786887
2023-09-14,20.520000457763672,20.81999969482422,20.520000457763672,20.809999465942383,19.190610885620117,58939057
2023-09-15,20.8799991607666,20.90999984741211,20.75,20.850000381469727,19.22749900817871,49009080
2023-09-18,20.700000762939453,20.700000762939453,20.579999923706055,20.59000015258789,18.987730026245117,78012238
2023-09-19,20.6299991607666,20.68000030517578,20.459999084472656,20.479999542236328,18.886287689208984,49507098
2023-09-20,20.450000762939453,20.670000076293945,20.389999389648438,20.440000534057617,18.849401473999023,53143292
2023-09-21,20.329999923706055,20.329999923706055,20.1299991607666,20.229999542236328,18.655742645263672,93960637
2023-09-22,20.15999984741211,20.34000015258789,20.020000457763672,20.329999923706055,18.747962951660156,42776010
2023-09-25,20.34000015258789,20.450000762939453,20.34000015258789,20.440000534057617,18.849401473999023,27281784
2023-09-26,20.40999984741211,20.459999084472656,20.25,20.260000228881836,18.683408737182617,42453692
2023-09-27,20.239999771118164,20.329999923706055,20.18000030517578,20.299999237060547,18.72029685974121,26538270
2023-09-28,20.3799991607666,20.559999465942383,20.309999465942383,20.3799991607666,18.794071197509766,27606023
2023-10-02,20.5,20.850000381469727,20.5,20.760000228881836,19.144500732421875,55667084
2023-10-03,20.770000457763672,20.799999237060547,20.6200008392334,20.6299991607666,19.024616241455078,40283454
2023-10-04,20.420000076293945,20.469999313354492,20.299999237060547,20.440000534057617,18.849401473999023,39182771
2023-10-05,20.510000228881836,20.65999984741211,20.5,20.639999389648438,19.033838272094727,29248503
2023-10-06,20.729999542236328,20.790000915527344,20.649999618530273,20.75,19.135278701782227,33629045
2023-10-11,20.969999313354492,21.06999969482422,20.709999084472656,20.719999313354492,19.10761260986328,64157915
2023-10-12,20.760000228881836,20.899999618530273,20.729999542236328,20.889999389648438,19.26438331604004,32063818
2023-10-13,20.850000381469727,20.850000381469727,20.559999465942383,20.600000381469727,18.9969539642334,57024189
2023-10-16,20.540000915527344,20.600000381469727,20.479999542236328,20.5,18.904733657836914,43750431
2023-10-17,20.559999465942383,20.6299991607666,20.350000381469727,20.360000610351562,18.7756290435791,56061899
2023-10-18,20.31999969482422,20.31999969482422,20.0,20.040000915527344,18.480531692504883,143536531
2023-10-19,20.0,20.040000915527344,19.93000030517578,20.020000457763672,18.462087631225586,84797063
2023-10-20,19.920000076293945,19.969999313354492,19.6200008392334,19.850000381469727,18.305313110351562,106586613
2023-10-23,19.799999237060547,19.81999969482422,19.670000076293945,19.690000534057617,18.157766342163086,76514993
2023-10-24,19.690000534057617,19.8799991607666,19.6200008392334,19.860000610351562,18.314537048339844,48991306
2023-10-25,19.920000076293945,20.0,19.8799991607666,19.899999618530273,18.351421356201172,36629714
2023-10-26,19.690000534057617,19.770000457763672,19.559999465942383,19.639999389648438,18.111656188964844,84772508
2023-10-27,19.690000534057617,19.90999984741211,19.690000534057617,19.760000228881836,18.22231674194336,32017765
2023-10-30,19.780000686645508,19.899999618530273,19.729999542236328,19.729999542236328,18.194652557373047,46261158
2023-10-31,19.790000915527344,19.799999237060547,19.5,19.5,17.98255157470703,76427639
2023-11-01,19.649999618530273,19.68000030517578,19.520000457763672,19.610000610351562,18.08399200439453,67503187
2023-11-02,19.8799991607666,20.010000228881836,19.8799991607666,19.959999084472656,18.406753540039062,49251348
2023-11-03,20.06999969482422,20.09000015258789,19.959999084472656,20.0,18.443639755249023,51686927
2023-11-06,20.139999389648438,20.290000915527344,20.139999389648438,20.25,18.6741886138916,57326058
2023-11-07,20.229999542236328,20.239999771118164,20.110000610351562,20.200000762939453,18.62807846069336,45849807
2023-11-08,20.25,20.56999969482422,20.239999771118164,20.469999313354492,18.87706756591797,56486234
2023-11-09,20.479999542236328,20.479999542236328,20.34000015258789,20.459999084472656,18.867843627929688,51432392
2023-11-10,20.389999389648438,20.389999389648438,20.270000457763672,20.360000610351562,18.7756290435791,60597800
2023-11-13,20.540000915527344,20.549999237060547,20.329999923706055,20.360000610351562,18.7756290435791,77446183
2023-11-14,20.450000762939453,20.549999237060547,20.43000030517578,20.530000686645508,18.932397842407227,68348875
2023-11-15,20.739999771118164,20.81999969482422,20.639999389648438,20.690000534057617,19.07994842529297,134637787
2023-11-16,20.469999313354492,20.469999313354492,20.219999313354492,20.260000228881836,19.00490379333496,103214707
2023-11-17,20.260000228881836,20.3799991607666,20.260000228881836,20.3700008392334,19.108089447021484,39534378
2023-11-20,20.3799991607666,20.389999389648438,20.260000228881836,20.360000610351562,19.098711013793945,51396298
2023-11-21,20.459999084472656,20.690000534057617,20.459999084472656,20.670000076293945,19.38950538635254,98100195
2023-11-22,20.59000015258789,20.59000015258789,20.450000762939453,20.549999237060547,19.27693748474121,51490007
2023-11-23,20.549999237060547,20.549999237060547,20.389999389648438,20.440000534057617,19.173751831054688,51162317
2023-11-24,20.450000762939453,20.479999542236328,20.399999618530273,20.40999984741211,19.145610809326172,25565664
2023-11-27,20.40999984741211,20.5,20.299999237060547,20.31999969482422,19.061185836791992,55767132
2023-11-28,20.360000610351562,20.5,20.350000381469727,20.43000030517578,19.164371490478516,29214712
2023-11-29,20.440000534057617,20.59000015258789,20.440000534057617,20.540000915527344,19.267559051513672,37108341
2023-11-30,20.549999237060547,20.600000381469727,20.469999313354492,20.59000015258789,19.31446075439453,33368263
2023-12-01,20.579999923706055,20.579999923706055,20.469999313354492,20.510000228881836,19.239418029785156,40404946
2023-12-04,20.549999237060547,20.600000381469727,20.530000686645508,20.559999465942383,19.286319732666016,46396245
2023-12-05,20.469999313354492,20.479999542236328,20.389999389648438,20.459999084472656,19.19251251220703,53583896
2023-12-06,20.5,20.59000015258789,20.479999542236328,20.549999237060547,19.27693748474121,36462923
2023-12-07,20.530000686645508,20.56999969482422,20.469999313354492,20.510000228881836,19.239418029785156,35097685
2023-12-08,20.639999389648438,20.729999542236328,20.59000015258789,20.600000381469727,19.323843002319336,39399495
2023-12-11,20.610000610351562,20.690000534057617,20.559999465942383,20.610000610351562,19.333221435546875,40050970
2023-12-12,20.690000534057617,20.700000762939453,20.610000610351562,20.6299991607666,19.35198211669922,49981023
2023-12-13,20.709999084472656,20.850000381469727,20.709999084472656,20.829999923706055,19.539592742919922,78563428
2023-12-14,21.049999237060547,21.1200008392334,21.010000228881836,21.100000381469727,19.79286766052246,91748684
2023-12-15,21.190000534057617,21.25,20.979999542236328,20.989999771118164,19.689682006835938,60956723
2023-12-18,20.940000534057617,21.040000915527344,20.850000381469727,21.040000915527344,19.736583709716797,51770374
2023-12-19,21.0,21.020000457763672,20.829999923706055,20.940000534057617,19.642780303955078,49331514
2023-12-20,20.979999542236328,21.229999542236328,20.969999313354492,21.200000762939453,19.88667106628418,76684352
2023-12-21,20.979999542236328,21.149999618530273,20.920000076293945,21.110000610351562,19.80224609375,50970645
2023-12-22,21.139999389648438,21.190000534057617,21.09000015258789,21.149999618530273,19.839767456054688,37434812
2023-12-25,21.149999618530273,21.389999389648438,21.149999618530273,21.3799991607666,20.055519104003906,66038344
2023-12-26,21.389999389648438,21.510000228881836,21.350000381469727,21.5,20.1680850982666,48994387
2023-12-27,21.530000686645508,21.780000686645508,21.530000686645508,21.760000228881836,20.41197967529297,74157060
2023-12-28,21.760000228881836,21.8799991607666,21.68000030517578,21.770000457763672,20.42136001586914,58915452
2023-12-29,21.770000457763672,21.889999389648438,21.739999771118164,21.799999237060547,20.449501037597656,51489783
2024-01-02,21.799999237060547,21.8700008392334,21.5,21.559999465942383,20.224369049072266,67260680
2024-01-03,21.360000610351562,21.3799991607666,21.200000762939453,21.25,19.93357276916504,90135719
2024-01-04,21.200000762939453,21.260000228881836,21.15999984741211,21.209999084472656,19.89605140686035,30481658
2024-01-05,21.209999084472656,21.31999969482422,21.18000030517578,21.200000762939453,19.88667106628418,32533210
2024-01-08,21.239999771118164,21.43000030517578,21.229999542236328,21.270000457763672,19.952335357666016,38935139
2024-01-09,21.389999389648438,21.469999313354492,21.219999313354492,21.25,19.93357276916504,29676057
2024-01-10,21.200000762939453,21.200000762939453,21.06999969482422,21.100000381469727,19.79286766052246,35776774
2024-01-11,21.170000076293945,21.239999771118164,21.100000381469727,21.209999084472656,19.89605140686035,26438285
2024-01-12,21.18000030517578,21.239999771118164,21.079999923706055,21.190000534057617,19.87729263305664,28591225
2024-01-15,21.190000534057617,21.190000534057617,21.190000534057617,21.190000534057617,19.87729263305664,0
2024-01-16,21.100000381469727,21.1299991607666,21.0,21.06999969482422,19.76472282409668,56911097
2024-01-17,21.040000915527344,21.040000915527344,20.850000381469727,20.850000381469727,19.5583553314209,80232484
2024-01-18,20.81999969482422,20.920000076293945,20.75,20.829999923706055,19.539592742919922,49658019
2024-01-19,21.010000228881836,21.260000228881836,20.920000076293945,21.260000228881836,19.942955017089844,52036967
2024-01-22,21.450000762939453,21.68000030517578,21.450000762939453,21.639999389648438,20.299413681030273,70849685
2024-01-23,21.68000030517578,21.709999084472656,21.540000915527344,21.6299991607666,20.29003143310547,39339247
2024-01-24,21.639999389648438,21.709999084472656,21.6200008392334,21.639999389648438,20.299413681030273,31680662
2024-01-25,21.700000762939453,21.780000686645508,21.6299991607666,21.690000534057617,20.346317291259766,42461082
2024-01-26,21.6299991607666,21.639999389648438,21.489999771118164,21.520000457763672,20.186847686767578,50259475
2024-01-29,21.520000457763672,21.700000762939453,21.489999771118164,21.670000076293945,20.32755470275879,34955276
2024-01-30,21.709999084472656,21.760000228881836,21.65999984741211,21.700000762939453,20.355695724487305,34675646
2024-01-31,21.65999984741211,21.65999984741211,21.549999237060547,21.6299991607666,20.29003143310547,30299147
2024-02-01,21.670000076293945,21.719999313354492,21.610000610351562,21.709999084472656,20.36507797241211,58970878
2024-02-02,21.739999771118164,21.860000610351562,21.739999771118164,21.850000381469727,20.496402740478516,55757645
2024-02-05,21.799999237060547,21.90999984741211,21.700000762939453,21.889999389648438,20.533926010131836,66421207
2024-02-15,22.110000610351562,22.239999771118164,22.049999237060547,22.200000762939453,20.824724197387695,105327222
2024-02-16,22.200000762939453,22.3799991607666,22.200000762939453,22.309999465942383,20.927906036376953,85858588
2024-02-19,22.34000015258789,22.350000381469727,22.219999313354492,22.299999237060547,20.91852569580078,104329753
2024-02-20,22.290000915527344,22.40999984741211,22.260000228881836,22.399999618530273,21.012331008911133,67869478
2024-02-21,22.399999618530273,22.399999618530273,22.280000686645508,22.290000915527344,20.909149169921875,108959493
2024-02-22,22.399999618530273,22.5,22.350000381469727,22.40999984741211,21.021713256835938,68834085
2024-02-23,22.5,22.600000381469727,22.459999084472656,22.459999084472656,21.068613052368164,109489867
2024-02-26,22.469999313354492,22.469999313354492,22.360000610351562,22.40999984741211,21.021713256835938,195072647
2024-02-27,22.1299991607666,22.139999389648438,21.809999465942383,21.850000381469727,20.868896484375,224613060
2024-02-29,21.84000015258789,22.030000686645508,21.799999237060547,21.989999771118164,21.002609252929688,72056253
2024-03-01,22.0,22.100000381469727,22.0,22.030000686645508,21.040813446044922,52049121
2024-03-04,22.1200008392334,22.239999771118164,22.06999969482422,22.06999969482422,21.079017639160156,80993538
2024-03-05,22.100000381469727,22.190000534057617,22.0,22.170000076293945,21.174528121948242,68172085
2024-03-06,22.1299991607666,22.350000381469727,22.100000381469727,22.290000915527344,21.289140701293945,83117793
2024-03-07,22.34000015258789,22.3799991607666,22.209999084472656,22.329999923706055,21.327342987060547,108255604
2024-03-08,22.3700008392334,22.540000915527344,22.219999313354492,22.309999465942383,21.30824089050293,164554190
2024-03-11,22.329999923706055,22.520000457763672,22.299999237060547,22.34000015258789,21.336894989013672,87403177
2024-03-12,22.34000015258789,22.56999969482422,22.329999923706055,22.549999237060547,21.537464141845703,76507821
2024-03-13,22.59000015258789,22.719999313354492,22.479999542236328,22.520000457763672,21.508813858032227,76052745
2024-03-14,22.520000457763672,22.579999923706055,22.25,22.299999237060547,21.298688888549805,62325079
2024-03-15,22.200000762939453,22.43000030517578,22.100000381469727,22.3799991607666,21.375097274780273,55617229
2024-03-18,22.3799991607666,22.440000534057617,22.270000457763672,22.3700008392334,21.36554718017578,48929094
2024-03-19,22.350000381469727,22.469999313354492,22.299999237060547,22.389999389648438,21.384647369384766,47903160
2024-03-20,22.389999389648438,22.549999237060547,22.290000915527344,22.290000915527344,21.289140701293945,51536259
2024-03-21,22.399999618530273,22.549999237060547,22.3799991607666,22.520000457763672,21.508813858032227,61992607
2024-03-22,22.520000457763672,22.670000076293945,22.469999313354492,22.540000915527344,21.527915954589844,62651587
2024-03-25,22.549999237060547,22.559999465942383,22.459999084472656,22.479999542236328,21.470605850219727,32774352
2024-03-26,22.479999542236328,22.649999618530273,22.219999313354492,22.40999984741211,21.403751373291016,52869918
2024-03-27,22.40999984741211,22.549999237060547,22.34000015258789,22.549999237060547,21.537464141845703,29893624
2024-03-28,22.549999237060547,22.600000381469727,22.43000030517578,22.56999969482422,21.55656623840332,35148012
2024-03-29,22.579999923706055,22.729999542236328,22.540000915527344,22.65999984741211,21.64252471923828,53506000
2024-04-01,22.770000457763672,22.84000015258789,22.579999923706055,22.600000381469727,21.585220336914062,30420358
2024-04-02,22.600000381469727,22.719999313354492,22.600000381469727,22.670000076293945,21.652076721191406,29462781
2024-04-03,22.639999389648438,22.739999771118164,22.520000457763672,22.6299991607666,21.613872528076172,26396184
2024-04-08,22.6299991607666,22.739999771118164,22.579999923706055,22.709999084472656,21.690279006958008,36405475
2024-04-09,22.709999084472656,22.780000686645508,22.709999084472656,22.760000228881836,21.738035202026367,20121678
2024-04-10,22.799999237060547,22.950000762939453,22.799999237060547,22.799999237060547,21.77623748779297,39560142
2024-04-11,22.760000228881836,22.81999969482422,22.700000762939453,22.770000457763672,21.747587203979492,29460878
2024-04-12,22.75,22.799999237060547,22.68000030517578,22.700000762939453,21.68073081970215,37687228
2024-04-15,22.6299991607666,22.6299991607666,22.510000228881836,22.510000228881836,21.49925994873047,65459381
2024-04-16,22.399999618530273,22.399999618530273,21.920000076293945,22.0,21.012161254882812,155997996
2024-04-17,22.0,22.170000076293945,22.0,22.149999618530273,21.155424118041992,47563981
2024-04-18,22.100000381469727,22.239999771118164,22.010000228881836,22.170000076293945,21.174528121948242,26678918
2024-04-19,22.010000228881836,22.049999237060547,21.459999084472656,21.739999771118164,20.76383399963379,153587600
2024-04-22,21.729999542236328,21.729999542236328,21.549999237060547,21.549999237060547,20.582366943359375,66845534
2024-04-23,21.690000534057617,21.780000686645508,21.579999923706055,21.6200008392334,20.64922523498535,37502623
2024-04-24,21.809999465942383,22.040000915527344,21.809999465942383,22.030000686645508,21.040813446044922,29414157
2024-04-25,21.920000076293945,21.920000076293945,21.729999542236328,21.770000457763672,20.79248809814453,48816438
2024-04-26,21.850000381469727,22.020000457763672,21.799999237060547,21.84000015258789,20.859346389770508,35576725
2024-04-29,21.950000762939453,22.280000686645508,21.950000762939453,22.260000228881836,21.260486602783203,42044556
2024-04-30,22.270000457763672,22.299999237060547,22.190000534057617,22.260000228881836,21.260486602783203,19014713
2024-05-02,22.25,22.360000610351562,22.1299991607666,22.219999313354492,21.22228240966797,129879245
2024-05-03,22.5,22.5,22.290000915527344,22.299999237060547,21.298688888549805,63184164
2024-05-06,22.579999923706055,22.68000030517578,22.469999313354492,22.6299991607666,21.613872528076172,67089486
2024-05-07,22.790000915527344,22.81999969482422,22.59000015258789,22.760000228881836,21.738035202026367,94260122
2024-05-08,22.760000228881836,22.899999618530273,22.760000228881836,22.889999389648438,21.862197875976562,66133413
2024-05-09,22.90999984741211,22.93000030517578,22.809999465942383,22.829999923706055,21.80489158630371,66899359
2024-05-10,22.889999389648438,23.149999618530273,22.860000610351562,23.1200008392334,22.081871032714844,70238312
2024-05-13,23.209999084472656,23.25,23.110000610351562,23.15999984741211,22.120073318481445,78343692
2024-05-14,23.209999084472656,23.309999465942383,23.170000076293945,23.299999237060547,22.253787994384766,78607071
2024-05-15,23.420000076293945,23.610000610351562,23.329999923706055,23.399999618530273,22.34929847717285,119051592
2024-05-16,23.59000015258789,23.65999984741211,23.540000915527344,23.56999969482422,22.51166534423828,123324122
2024-05-17,23.030000686645508,23.09000015258789,22.979999542236328,22.989999771118164,22.443328857421875,130432002
2024-05-20,23.0,23.049999237060547,22.8799991607666,23.020000457763672,22.47261619567871,97753496
2024-05-21,22.979999542236328,23.0,22.75,22.8700008392334,22.326183319091797,64719505
2024-05-22,22.889999389648438,23.200000762939453,22.889999389648438,23.200000762939453,22.64833641052246,62166337
2024-05-23,23.200000762939453,23.209999084472656,23.030000686645508,23.18000030517578,22.628812789916992,41008896
2024-05-24,23.1200008392334,23.18000030517578,23.0,23.15999984741211,22.60928726196289,26534807
2024-05-27,23.200000762939453,23.56999969482422,23.200000762939453,23.540000915527344,22.98025131225586,80009098
2024-05-28,23.549999237060547,23.639999389648438,23.5,23.559999465942383,22.999774932861328,43972183
2024-05-29,23.559999465942383,23.559999465942383,23.329999923706055,23.329999923706055,22.775245666503906,47877124
2024-05-30,23.149999618530273,23.239999771118164,23.059999465942383,23.110000610351562,22.560476303100586,57172907
2024-05-31,23.1200008392334,23.239999771118164,23.059999465942383,23.06999969482422,22.521427154541016,46308103
2024-06-03,23.200000762939453,23.31999969482422,23.100000381469727,23.25,22.697147369384766,32282389
2024-06-04,23.149999618530273,23.170000076293945,23.0,23.049999237060547,22.501901626586914,54713645
2024-06-05,23.040000915527344,23.049999237060547,22.899999618530273,22.899999618530273,22.35546875,87159157
2024-06-06,23.0,23.059999465942383,22.93000030517578,23.0,22.453092575073242,41368927
2024-06-07,23.0,23.040000915527344,22.959999084472656,23.010000228881836,22.462854385375977,28061195
2024-06-11,22.969999313354492,23.09000015258789,22.920000076293945,22.969999313354492,22.423805236816406,48607435
2024-06-12,22.979999542236328,23.059999465942383,22.969999313354492,23.030000686645508,22.482379913330078,28302783
2024-06-13,23.149999618530273,23.389999389648438,23.139999389648438,23.309999465942383,22.755720138549805,66360710
2024-06-14,23.309999465942383,23.350000381469727,23.25,23.329999923706055,22.775245666503906,37816262
2024-06-17,23.329999923706055,23.399999618530273,23.270000457763672,23.3700008392334,22.814294815063477,39133976
2024-06-18,23.3799991607666,23.530000686645508,23.3799991607666,23.510000228881836,22.950965881347656,41594766
2024-06-19,23.549999237060547,23.8799991607666,23.549999237060547,23.829999923706055,23.263355255126953,85749929
2024-06-20,23.829999923706055,24.0,23.829999923706055,23.979999542236328,23.409788131713867,38678950
2024-06-21,23.940000534057617,23.940000534057617,23.760000228881836,23.850000381469727,23.282880783081055,60834214
2024-06-24,23.829999923706055,23.829999923706055,23.600000381469727,23.690000534057617,23.126684188842773,44577991
2024-06-25,23.649999618530273,23.649999618530273,23.40999984741211,23.6299991607666,23.0681095123291,36872876
2024-06-26,23.6299991607666,23.729999542236328,23.5,23.600000381469727,23.0388240814209,36100225
2024-06-27,23.440000534057617,23.530000686645508,23.350000381469727,23.530000686645508,22.970489501953125,40496454
2024-06-28,23.530000686645508,23.739999771118164,23.530000686645508,23.690000534057617,23.126684188842773,23661401
2024-07-01,23.690000534057617,23.940000534057617,23.690000534057617,23.8799991607666,23.312166213989258,31755393
2024-07-02,23.84000015258789,23.899999618530273,23.719999313354492,23.81999969482422,23.25359344482422,28155629
2024-07-03,23.950000762939453,24.0,23.860000610351562,23.959999084472656,23.390262603759766,31747233
2024-07-04,24.0,24.149999618530273,24.0,24.100000381469727,23.526935577392578,32859619
2024-07-05,24.139999389648438,24.25,24.139999389648438,24.200000762939453,23.624557495117188,32036114
2024-07-08,24.200000762939453,24.350000381469727,24.100000381469727,24.350000381469727,23.7709903717041,40632152
2024-07-09,24.389999389648438,24.479999542236328,24.190000534057617,24.34000015258789,23.761228561401367,43098426
2024-07-10,24.350000381469727,24.43000030517578,24.260000228881836,24.360000610351562,23.78075408935547,26983621
2024-07-11,24.389999389648438,24.65999984741211,24.389999389648438,24.579999923706055,23.995521545410156,26345289
2024-07-12,24.540000915527344,24.540000915527344,24.360000610351562,24.399999618530273,23.819801330566406,45522794
2024-07-15,24.5,24.530000686645508,24.299999237060547,24.389999389648438,23.810039520263672,50562015
2024-07-16,24.399999618530273,24.450000762939453,24.31999969482422,24.34000015258789,23.761228561401367,39641047
2024-07-17,24.350000381469727,24.3700008392334,24.200000762939453,24.200000762939453,23.624557495117188,49567781
2024-07-18,24.06999969482422,24.079999923706055,23.829999923706055,23.969999313354492,23.400026321411133,87174476
2024-07-19,23.889999389648438,23.889999389648438,23.510000228881836,23.600000381469727,23.0388240814209,93037499
2024-07-22,23.56999969482422,23.56999969482422,23.0,23.200000762939453,22.64833641052246,127774288
2024-07-23,23.399999618530273,23.520000457763672,23.399999618530273,23.459999084472656,22.90215301513672,49053714
2024-07-26,23.040000915527344,23.149999618530273,22.899999618530273,23.100000381469727,22.55071449279785,116944848
2024-07-29,23.260000228881836,23.440000534057617,22.969999313354492,22.989999771118164,22.443328857421875,87781170
2024-07-30,22.93000030517578,22.950000762939453,22.600000381469727,22.920000076293945,22.3749942779541,101100549
2024-07-31,22.8799991607666,23.079999923706055,22.799999237060547,22.969999313354492,22.423805236816406,42981842
2024-08-01,23.389999389648438,23.399999618530273,23.209999084472656,23.360000610351562,22.804533004760742,87874840
2024-08-02,22.93000030517578,23.049999237060547,22.850000381469727,22.8700008392334,22.326183319091797,218627732
2024-08-05,22.5,22.540000915527344,21.18000030517578,21.31999969482422,20.813039779663086,353167988
2024-08-06,21.84000015258789,22.149999618530273,21.1200008392334,21.860000610351562,21.340200424194336,204430642
2024-08-07,22.0,22.43000030517578,21.920000076293945,22.3700008392334,21.83807373046875,112742744
2024-08-08,22.059999465942383,22.290000915527344,21.940000534057617,22.100000381469727,21.574493408203125,110911852
2024-08-09,22.549999237060547,22.770000457763672,22.450000762939453,22.56999969482422,22.033315658569336,88813669
2024-08-12,22.739999771118164,23.030000686645508,22.739999771118164,22.920000076293945,22.3749942779541,75725354
2024-08-13,23.079999923706055,23.079999923706055,22.920000076293945,22.989999771118164,22.443328857421875,68193509
2024-08-14,23.190000534057617,23.31999969482422,23.1299991607666,23.260000228881836,22.7069091796875,70941178
2024-08-15,23.34000015258789,23.399999618530273,23.1200008392334,23.1299991607666,22.579999923706055,133994947
2024-08-16,22.979999542236328,22.979999542236328,22.850000381469727,22.860000610351562,22.860000610351562,70893972
2024-08-19,22.889999389648438,23.010000228881836,22.850000381469727,22.8799991607666,22.8799991607666,50473571
2024-08-20,22.959999084472656,23.040000915527344,22.889999389648438,22.889999389648438,22.889999389648438,34529380
2024-08-21,22.889999389648438,22.889999389648438,22.780000686645508,22.809999465942383,22.809999465942383,37771931
2024-08-22,22.81999969482422,22.850000381469727,22.700000762939453,22.719999313354492,22.719999313354492,37863016
2024-08-23,22.670000076293945,22.770000457763672,22.579999923706055,22.760000228881836,22.760000228881836,46888950
2024-08-26,22.860000610351562,23.09000015258789,22.860000610351562,22.93000030517578,22.93000030517578,53075703
2024-08-27,22.860000610351562,22.93000030517578,22.760000228881836,22.889999389648438,22.889999389648438,35091515
2024-08-28,22.889999389648438,22.979999542236328,22.799999237060547,22.93000030517578,22.93000030517578,32819685
2024-08-29,22.799999237060547,22.969999313354492,22.75,22.899999618530273,22.899999618530273,37785418
2024-08-30,23.0,23.0,22.8799991607666,22.90999984741211,22.90999984741211,26814108
